ID,Name,ResID,ResName,cannonframenums,cannonmainframe,frameNums,aniLoop,soldierTower,soldierNumsTower,soldierX1,soldierY1,soldierX2,soldierY2,soldierX3,soldierY3,heightOff,BuildingType,BuildingClass,BuildingWidth,BuildTimeD,BuildTimeH,BuildTimeM,BuildResource,BuildCost,TownHallLevel,MaxStoredGold,MaxStoredElixir,HousingSpace,ProducesResource,ResourcePerHour,ResourceMax,Hitpoints,RegenTime,AttackRange,AttackSpeed,Damage,AirTargets,GroundTargets,MinAttackRange,UnitProduction,Exp,res001,res002,res003,totalexp,newhp,hpmul,oldhp,newattack,newdefence,newhit,newdodge,newcrit,newblock
30101,营地,30101,troophousing0,0,0,6,1,0,0,0,0,0,0,0,0,0,0,3,5,0,0,5,Elixir,250,1,0,0,20,0,0,0,420,30,0,0,0,0,0,0,0,40,troophousing0,troophousingcommon0,,40,420,1,400,0,35,80,30,10,5 
30102,营地,30102,troophousing1,0,0,6,1,0,0,0,0,0,0,0,0,0,0,3,5,0,1,0,Elixir,2500,2,0,0,30,0,0,0,640,31,0,0,0,0,0,0,0,60,troophousing1,troophousingcommon0,,100,550,1,500,0,45,80,30,10,5 
30103,营地,30103,troophousing2,0,0,6,1,0,0,0,0,0,0,0,0,0,0,3,5,0,3,0,Elixir,10000,3,0,0,35,0,0,0,860,32,0,0,0,0,0,0,0,80,troophousing2,troophousingcommon0,,180,690,1,600,0,55,80,30,10,5 
30104,营地,30104,troophousing3,0,0,6,1,0,0,0,0,0,0,0,0,0,0,3,5,0,8,0,Elixir,100000,4,0,0,40,0,0,0,1080,33,0,0,0,0,0,0,0,169,troophousing3,troophousingcommon0,,349,840,1,700,0,65,80,30,10,5 
30105,营地,30105,troophousing4,0,0,6,1,0,0,0,0,0,0,0,0,0,0,3,5,1,0,0,Elixir,250000,5,0,0,45,0,0,0,1300,34,0,0,0,0,0,0,0,293,troophousing4,troophousingcommon0,,642,1000,1,800,0,75,80,30,10,5 
30106,营地,30106,troophousing5,0,0,6,1,0,0,0,0,0,0,0,0,0,0,3,5,3,0,0,Elixir,750000,6,0,0,50,0,0,0,1520,35,0,0,0,0,0,0,0,509,troophousing5,troophousingcommon0,,1151,1300,1,1000,0,85,80,30,10,5 
30107,营地,30107,troophousing6,0,0,6,1,0,0,0,0,0,0,0,0,0,0,3,5,5,0,0,Elixir,2250000,9,0,0,55,0,0,0,1740,36,0,0,0,0,0,0,0,657,troophousing6,troophousingcommon0,,1808,1620,1,1200,0,95,80,30,10,5 
30108,营地,30108,troophousing7,0,0,6,1,0,0,0,0,0,0,0,0,0,0,3,5,10,0,0,Elixir,6750000,10,0,0,60,0,0,0,1960,37,0,0,0,0,0,0,0,929,troophousing7,troophousingcommon0,,2737,1960,1,1400,0,105,80,30,10,5 
20101,主城,20101,townhall0,0,0,0,0,0,0,0,0,0,0,0,0,0,0,4,4,0,0,2,Gold,0,0,1000,1000,0,0,0,0,3000,30,0,0,0,0,0,0,0,0,townhall0,,,0,3000,2,1500,0,45,80,30,10,5 
20102,主城,20102,townhall1,0,0,0,0,0,0,0,0,0,0,0,0,0,0,4,4,0,0,5,Gold,1000,0,1000,1000,0,0,0,0,3780,32,0,0,0,0,0,0,0,92,townhall1,,,92,3200,2,1600,0,55,80,30,10,5 
20103,主城,20103,townhall2,0,0,0,0,0,0,0,0,0,0,0,0,0,0,4,4,0,3,0,Gold,4000,0,1000,1000,0,0,0,0,4560,34,0,0,0,0,0,0,0,138,townhall2,,,230,3700,2,1850,0,65,80,30,10,5 
20104,主城,20104,townhall3,0,0,0,0,0,0,0,0,0,0,0,0,0,0,4,4,1,0,0,Gold,25000,0,1000,1000,0,0,0,0,5340,36,0,0,0,0,0,0,0,184,townhall3,,,414,4200,2,2100,0,75,80,30,10,5 
20105,主城,20105,townhall4,0,0,0,0,0,0,0,0,0,0,0,0,0,0,4,4,2,0,0,Gold,150000,0,1000,1000,0,0,0,0,6120,38,0,0,0,0,0,0,0,415,townhall4,,,829,4800,2,2400,0,85,80,30,10,5 
20106,主城,20106,townhall5,0,0,0,0,0,0,0,0,0,0,0,0,0,0,4,4,4,0,0,Gold,750000,0,1000,1000,0,0,0,0,6900,40,0,0,0,0,0,0,0,587,townhall5,,,1416,5600,2,2800,0,95,80,30,10,5 
20107,主城,20107,townhall6,0,0,0,0,0,0,0,0,0,0,0,0,0,0,4,4,6,0,0,Gold,1200000,0,1000,1000,0,0,0,0,7680,42,0,0,0,0,0,0,0,720,townhall6,,,2136,6400,2,3200,0,105,80,30,10,5 
20108,主城,20108,townhall7,0,0,0,0,0,0,0,0,0,0,0,0,0,0,4,4,8,0,0,Gold,2000000,0,1000,1000,0,0,0,0,8460,44,0,0,0,0,0,0,0,831,townhall7,,,2967,7400,2,3700,0,115,80,30,10,5 
20109,主城,20109,townhall8,0,0,0,0,0,0,0,0,0,0,0,0,0,0,4,4,10,0,0,Gold,3000000,0,1000,1000,0,0,0,0,9240,45,0,0,0,0,0,0,0,929,townhall8,,,3896,8400,2,4200,0,125,80,30,10,5 
20110,主城,20110,townhall9,0,0,0,0,0,0,0,0,0,0,0,0,0,0,4,4,15,0,0,Gold,4000000,0,1000,1000,0,0,0,0,10020,46,0,0,0,0,0,0,0,1099,townhall9,,,4995,10000,2,5000,0,135,80,30,10,5 
20301,农田,20301,elixirpump0,0,0,15,1,0,0,0,0,0,0,0,0,0,1,2,3,0,0,2,Gold,150,1,0,0,0,Elixir,200,500,420,30,0,0,0,0,0,0,0,12,elixirpump0,elixirpumpcommon0,,12,420,1,400,0,15,80,30,10,5 
20302,农田,20302,elixirpump1,0,0,15,1,0,0,0,0,0,0,0,0,0,1,2,3,0,0,5,Gold,300,1,0,0,0,Elixir,400,1000,494,31,0,0,0,0,0,0,0,18,elixirpump1,elixirpumpcommon0,,30,495,1,450,0,21,80,30,10,5 
20303,农田,20303,elixirpump2,0,0,15,1,0,0,0,0,0,0,0,0,0,1,2,3,0,0,15,Gold,700,2,0,0,0,Elixir,600,1500,568,32,0,0,0,0,0,0,0,24,elixirpump2,elixirpumpcommon0,,54,575,1,500,0,27,80,30,10,5 
20304,农田,20304,elixirpump3,0,0,15,1,0,0,0,0,0,0,0,0,0,1,2,3,0,1,0,Gold,1400,2,0,0,0,Elixir,900,2500,642,33,0,0,0,0,0,0,0,60,elixirpump3,elixirpumpcommon0,,114,660,1,550,0,33,80,30,10,5 
20305,农田,20305,elixirpump4,0,0,15,1,0,0,0,0,0,0,0,0,0,1,2,3,0,2,0,Gold,3500,3,0,0,0,Elixir,1200,10000,716,34,0,0,0,0,0,0,0,84,elixirpump4,elixirpumpcommon0,,198,737,1,590,0,39,80,30,10,5 
20306,农田,20306,elixirpump5,0,0,15,1,0,0,0,0,0,0,0,0,0,1,2,3,0,6,0,Gold,7000,3,0,0,0,Elixir,1600,20000,790,35,0,0,0,0,0,0,0,146,elixirpump5,elixirpumpcommon0,,344,793,1,610,0,45,80,30,10,5 
20307,农田,20307,elixirpump6,0,0,15,1,0,0,0,0,0,0,0,0,0,1,2,3,0,12,0,Gold,14000,4,0,0,0,Elixir,2100,30000,864,36,0,0,0,0,0,0,0,207,elixirpump6,elixirpumpcommon0,,551,850,1,630,0,51,80,30,10,5 
20308,农田,20308,elixirpump7,0,0,15,1,0,0,0,0,0,0,0,0,0,1,2,3,1,0,0,Gold,28000,4,0,0,0,Elixir,2600,50000,938,37,0,0,0,0,0,0,0,293,elixirpump7,elixirpumpcommon0,,844,924,1,660,0,57,80,30,10,5 
20309,农田,20309,elixirpump8,0,0,15,1,0,0,0,0,0,0,0,0,0,1,2,3,2,0,0,Gold,56000,5,0,0,0,Elixir,3200,75000,1012,38,0,0,0,0,0,0,0,415,elixirpump8,elixirpumpcommon0,,1259,986,1,680,0,63,80,30,10,5 
20310,农田,20310,elixirpump9,0,0,15,1,0,0,0,0,0,0,0,0,0,1,2,3,3,0,0,Gold,84000,5,0,0,0,Elixir,3800,100000,1086,39,0,0,0,0,0,0,0,509,elixirpump9,elixirpumpcommon0,,1768,1065,2,710,0,69,80,30,10,5 
20311,农田,20311,elixirpump10,0,0,15,1,0,0,0,0,0,0,0,0,0,1,2,3,5,0,0,Gold,168000,7,0,0,0,Elixir,4800,150000,1160,40,0,0,0,0,0,0,0,587,elixirpump10,elixirpumpcommon0,,2355,1162,2,750,0,75,80,30,10,5 
20401,粮仓,20401,elixirstorage0,0,0,0,0,0,0,0,0,0,0,0,0,0,4,2,3,0,0,15,Gold,300,1,0,1500,0,0,0,0,420,30,0,0,0,0,0,0,0,29,elixirstorage0,elixirstoragecommon0,,29,420,1,400,0,20,80,30,10,5 
20402,粮仓,20402,elixirstorage1,0,0,0,0,0,0,0,0,0,0,0,0,0,4,2,3,0,0,30,Gold,750,2,0,3000,0,0,0,0,690,31,0,0,0,0,0,0,0,44,elixirstorage1,elixirstoragecommon0,,73,660,1,600,0,29,80,30,10,5 
20403,粮仓,20403,elixirstorage2,0,0,0,0,0,0,0,0,0,0,0,0,0,4,2,3,0,1,0,Gold,1500,2,0,6000,0,0,0,0,960,32,0,0,0,0,0,0,0,59,elixirstorage2,elixirstoragecommon0,,132,920,1,800,0,38,80,30,10,5 
20404,粮仓,20404,elixirstorage3,0,0,0,0,0,0,0,0,0,0,0,0,0,4,2,3,0,2,0,Gold,3000,3,0,12000,0,0,0,0,1230,33,0,0,0,0,0,0,0,84,elixirstorage3,elixirstoragecommon0,,216,1200,1,1000,0,47,80,30,10,5 
20405,粮仓,20405,elixirstorage4,0,0,0,0,0,0,0,0,0,0,0,0,0,4,2,3,0,3,0,Gold,6000,3,0,25000,0,0,0,0,1500,34,0,0,0,0,0,0,0,103,elixirstorage4,elixirstoragecommon0,,319,1500,1,1200,0,56,80,30,10,5 
20406,粮仓,20406,elixirstorage5,0,0,0,0,0,0,0,0,0,0,0,0,0,4,2,3,0,4,0,Gold,12000,3,0,50000,0,0,0,0,1770,35,0,0,0,0,0,0,0,120,elixirstorage5,elixirstoragecommon0,,439,1950,1,1500,0,65,80,30,10,5 
20407,粮仓,20407,elixirstorage6,0,0,0,0,0,0,0,0,0,0,0,0,0,4,2,3,0,6,0,Gold,25000,4,0,100000,0,0,0,0,2040,36,0,0,0,0,0,0,0,146,elixirstorage6,elixirstoragecommon0,,585,2227,1,1650,0,74,80,30,10,5 
20408,粮仓,20408,elixirstorage7,0,0,0,0,0,0,0,0,0,0,0,0,0,4,2,3,0,8,0,Gold,50000,4,0,250000,0,0,0,0,2310,37,0,0,0,0,0,0,0,169,elixirstorage7,elixirstoragecommon0,,754,2436,1,1740,0,83,80,30,10,5 
20409,粮仓,20409,elixirstorage8,0,0,0,0,0,0,0,0,0,0,0,0,0,4,2,3,0,12,0,Gold,100000,5,0,500000,0,0,0,0,2580,38,0,0,0,0,0,0,0,207,elixirstorage8,elixirstoragecommon0,,961,2639,1,1820,0,92,80,30,10,5 
20410,粮仓,20410,elixirstorage9,0,0,0,0,0,0,0,0,0,0,0,0,0,4,2,3,1,0,0,Gold,250000,6,0,1000000,0,0,0,0,2850,39,0,0,0,0,0,0,0,293,elixirstorage9,elixirstoragecommon0,,1254,2880,2,1920,0,101,80,30,10,5 
20411,粮仓,20411,elixirstorage10,0,0,0,0,0,0,0,0,0,0,0,0,0,4,2,3,2,0,0,Gold,500000,7,0,2000000,0,0,0,0,3120,40,0,0,0,0,0,0,0,415,elixirstorage10,elixirstoragecommon0,,1669,3124,2,2016,0,110,80,30,10,5 
20501,金矿,20501,goldmine0,0,0,12,0,0,0,0,0,0,0,0,0,0,1,2,3,0,0,2,Elixir,150,1,0,0,0,Gold,200,500,420,30,0,0,0,0,0,0,0,12,goldmine0,goldminecommon0,,12,420,1,400,0,15,80,30,10,5 
20502,金矿,20502,goldmine1,0,0,12,0,0,0,0,0,0,0,0,0,0,1,2,3,0,0,5,Elixir,300,1,0,0,0,Gold,400,1000,494,31,0,0,0,0,0,0,0,18,goldmine1,goldminecommon0,,30,495,1,450,0,21,80,30,10,5 
20503,金矿,20503,goldmine2,0,0,12,0,0,0,0,0,0,0,0,0,0,1,2,3,0,0,15,Elixir,700,2,0,0,0,Gold,600,1500,568,32,0,0,0,0,0,0,0,24,goldmine2,goldminecommon0,,54,575,1,500,0,27,80,30,10,5 
20504,金矿,20504,goldmine3,0,0,12,0,0,0,0,0,0,0,0,0,0,1,2,3,0,1,0,Elixir,1400,2,0,0,0,Gold,900,2500,642,33,0,0,0,0,0,0,0,60,goldmine3,goldminecommon0,,114,660,1,550,0,33,80,30,10,5 
20505,金矿,20505,goldmine4,0,0,12,0,0,0,0,0,0,0,0,0,0,1,2,3,0,2,0,Elixir,3000,3,0,0,0,Gold,1200,10000,716,34,0,0,0,0,0,0,0,84,goldmine4,goldminecommon0,,198,737,1,590,0,39,80,30,10,5 
20506,金矿,20506,goldmine5,0,0,12,0,0,0,0,0,0,0,0,0,0,1,2,3,0,6,0,Elixir,7000,3,0,0,0,Gold,1600,20000,790,35,0,0,0,0,0,0,0,146,goldmine5,goldminecommon0,,344,793,1,610,0,45,80,30,10,5 
20507,金矿,20507,goldmine6,0,0,12,0,0,0,0,0,0,0,0,0,0,1,2,3,0,12,0,Elixir,14000,4,0,0,0,Gold,2100,30000,864,36,0,0,0,0,0,0,0,207,goldmine6,goldminecommon0,,551,850,1,630,0,51,80,30,10,5 
20508,金矿,20508,goldmine7,0,0,12,0,0,0,0,0,0,0,0,0,0,1,2,3,1,0,0,Elixir,28000,4,0,0,0,Gold,2600,50000,938,37,0,0,0,0,0,0,0,293,goldmine7,goldminecommon0,,844,924,1,660,0,57,80,30,10,5 
20509,金矿,20509,goldmine8,0,0,12,0,0,0,0,0,0,0,0,0,0,1,2,3,2,0,0,Elixir,56000,5,0,0,0,Gold,3200,75000,1012,38,0,0,0,0,0,0,0,415,goldmine8,goldminecommon0,,1259,986,1,680,0,63,80,30,10,5 
20510,金矿,20510,goldmine9,0,0,12,0,0,0,0,0,0,0,0,0,0,1,2,3,3,0,0,Elixir,84000,5,0,0,0,Gold,3800,100000,1086,39,0,0,0,0,0,0,0,509,goldmine9,goldminecommon0,,1768,1065,2,710,0,69,80,30,10,5 
20511,金矿,20511,goldmine10,0,0,12,0,0,0,0,0,0,0,0,0,0,1,2,3,5,0,0,Elixir,168000,7,0,0,0,Gold,4800,150000,1160,40,0,0,0,0,0,0,0,587,goldmine10,goldminecommon0,,2355,1162,2,750,0,75,80,30,10,5 
20601,金库,20601,goldstorage0,0,0,0,0,0,0,0,0,0,0,0,0,0,4,2,3,0,0,15,Elixir,300,1,1500,0,0,0,0,0,420,30,0,0,0,0,0,0,0,29,goldstorage0,goldstoragecommon0,,29,420,1,400,0,20,80,30,10,5 
20602,金库,20602,goldstorage1,0,0,0,0,0,0,0,0,0,0,0,0,0,4,2,3,0,0,30,Elixir,750,2,3000,0,0,0,0,0,690,31,0,0,0,0,0,0,0,44,goldstorage1,goldstoragecommon0,,73,660,1,600,0,29,80,30,10,5 
20603,金库,20603,goldstorage2,0,0,0,0,0,0,0,0,0,0,0,0,0,4,2,3,0,1,0,Elixir,1500,2,6000,0,0,0,0,0,960,32,0,0,0,0,0,0,0,59,goldstorage2,goldstoragecommon0,,132,920,1,800,0,38,80,30,10,5 
20604,金库,20604,goldstorage3,0,0,0,0,0,0,0,0,0,0,0,0,0,4,2,3,0,2,0,Elixir,3000,3,12000,0,0,0,0,0,1230,33,0,0,0,0,0,0,0,84,goldstorage3,goldstoragecommon0,,216,1200,1,1000,0,47,80,30,10,5 
20605,金库,20605,goldstorage4,0,0,0,0,0,0,0,0,0,0,0,0,0,4,2,3,0,3,0,Elixir,6000,3,25000,0,0,0,0,0,1500,34,0,0,0,0,0,0,0,103,goldstorage4,goldstoragecommon0,,319,1500,1,1200,0,56,80,30,10,5 
20606,金库,20606,goldstorage5,0,0,0,0,0,0,0,0,0,0,0,0,0,4,2,3,0,4,0,Elixir,12000,3,50000,0,0,0,0,0,1770,35,0,0,0,0,0,0,0,120,goldstorage5,goldstoragecommon0,,439,1950,1,1500,0,65,80,30,10,5 
20607,金库,20607,goldstorage6,0,0,0,0,0,0,0,0,0,0,0,0,0,4,2,3,0,6,0,Elixir,25000,4,100000,0,0,0,0,0,2040,36,0,0,0,0,0,0,0,146,goldstorage6,goldstoragecommon0,,585,2227,1,1650,0,74,80,30,10,5 
20608,金库,20608,goldstorage7,0,0,0,0,0,0,0,0,0,0,0,0,0,4,2,3,0,8,0,Elixir,50000,4,250000,0,0,0,0,0,2310,37,0,0,0,0,0,0,0,169,goldstorage7,goldstoragecommon0,,754,2436,1,1740,0,83,80,30,10,5 
20609,金库,20609,goldstorage8,0,0,0,0,0,0,0,0,0,0,0,0,0,4,2,3,0,12,0,Elixir,100000,5,500000,0,0,0,0,0,2580,38,0,0,0,0,0,0,0,207,goldstorage8,goldstoragecommon0,,961,2639,1,1820,0,92,80,30,10,5 
20610,金库,20610,goldstorage9,0,0,0,0,0,0,0,0,0,0,0,0,0,4,2,3,1,0,0,Elixir,250000,6,1000000,0,0,0,0,0,2850,39,0,0,0,0,0,0,0,293,goldstorage9,goldstoragecommon0,,1254,2880,2,1920,0,101,80,30,10,5 
20611,金库,20611,goldstorage10,0,0,0,0,0,0,0,0,0,0,0,0,0,4,2,3,2,0,0,Elixir,500000,7,2000000,0,0,0,0,0,3120,40,0,0,0,0,0,0,0,415,goldstorage10,goldstoragecommon0,,1669,3124,2,2016,0,110,80,30,10,5 
30201,兵营,30201,barrack0,0,0,10,1,0,0,0,0,0,0,0,0,0,2,3,3,0,0,2,Elixir,200,1,0,0,20,0,0,0,262,30,0,0,0,0,0,0,0,27,barrack0,barrackcommon0,,27,262,1,250,0,18,80,30,10,5 
30202,兵营,30202,barrack1,0,0,10,1,0,0,0,0,0,0,0,0,0,2,3,3,0,0,15,Elixir,1000,1,0,0,25,0,0,0,344,31,0,0,0,0,0,0,0,40,barrack1,barrackcommon0,,67,297,1,270,0,24,80,30,10,5 
30203,兵营,30203,barrack2,0,0,10,1,0,0,0,0,0,0,0,0,0,2,3,3,0,2,0,Elixir,2500,1,0,0,30,0,0,0,426,32,0,0,0,0,0,0,0,54,barrack2,barrackcommon0,,121,322,1,280,0,30,80,30,10,5 
30204,兵营,30204,barrack3,0,0,10,1,0,0,0,0,0,0,0,0,0,2,3,3,0,5,0,Elixir,5000,2,0,0,35,0,0,0,508,33,0,0,0,0,0,0,0,120,barrack3,barrackcommon0,,241,348,1,290,0,36,80,30,10,5 
30205,兵营,30205,barrack4,0,0,10,1,0,0,0,0,0,0,0,0,0,2,3,3,0,10,0,Elixir,10000,3,0,0,40,0,0,0,590,34,0,0,0,0,0,0,0,189,barrack4,barrackcommon0,,430,387,1,310,0,42,80,30,10,5 
30206,兵营,30206,barrack5,0,0,10,1,0,0,0,0,0,0,0,0,0,2,3,3,0,16,0,Elixir,80000,4,0,0,45,0,0,0,672,35,0,0,0,0,0,0,0,240,barrack5,barrackcommon0,,670,416,1,320,0,48,80,30,10,5 
30207,兵营,30207,barrack6,0,0,10,1,0,0,0,0,0,0,0,0,0,2,3,3,2,0,0,Elixir,240000,5,0,0,50,0,0,0,754,36,0,0,0,0,0,0,0,293,barrack6,barrackcommon0,,963,459,1,340,0,54,80,30,10,5 
30208,兵营,30208,barrack7,0,0,10,1,0,0,0,0,0,0,0,0,0,2,3,3,5,0,0,Elixir,700000,6,0,0,55,0,0,0,836,37,0,0,0,0,0,0,0,415,barrack7,barrackcommon0,,415,490,1,350,0,60,80,30,10,5 
30209,兵营,30209,barrack8,0,0,10,1,0,0,0,0,0,0,0,0,0,2,3,3,8,0,0,Elixir,1500000,7,0,0,60,0,0,0,918,38,0,0,0,0,0,0,0,587,barrack8,barrackcommon0,,1002,565,1,390,0,66,80,30,10,5 
30210,兵营,30210,barrack9,0,0,10,1,0,0,0,0,0,0,0,0,0,2,3,3,12,0,0,Elixir,2000000,8,0,0,75,0,0,0,1000,39,0,0,0,0,0,0,0,720,barrack9,barrackcommon0,,1722,630,2,420,0,72,80,30,10,5 
30301,校场,30301,laboratory0,0,0,10,1,0,0,0,0,0,0,0,0,0,2,3,3,0,0,30,Elixir,25000,3,0,0,0,0,0,0,386,30,0,0,0,0,0,0,0,85,laboratory0,laboratorycommon0,,85,262,1,250,0,24,80,30,10,5 
30302,校场,30302,laboratory1,0,0,10,1,0,0,0,0,0,0,0,0,0,2,3,3,0,6,0,Elixir,50000,4,0,0,0,0,0,0,450,32,0,0,0,0,0,0,0,128,laboratory1,laboratorycommon0,,213,298,1,271,0,39,80,30,10,5 
30303,校场,30303,laboratory2,0,0,10,1,0,0,0,0,0,0,0,0,0,2,3,3,0,12,0,Elixir,90000,5,0,0,0,0,0,0,514,34,0,0,0,0,0,0,0,170,laboratory2,laboratorycommon0,,383,322,1,280,0,54,80,30,10,5 
30304,校场,30304,laboratory3,0,0,10,1,0,0,0,0,0,0,0,0,0,2,3,3,1,0,0,Elixir,270000,6,0,0,0,0,0,0,578,36,0,0,0,0,0,0,0,293,laboratory3,laboratorycommon0,,676,348,1,290,0,69,80,30,10,5 
30305,校场,30305,laboratory4,0,0,10,1,0,0,0,0,0,0,0,0,0,2,3,3,2,0,0,Elixir,500000,7,0,0,0,0,0,0,642,38,0,0,0,0,0,0,0,415,laboratory4,laboratorycommon0,,1091,387,1,310,0,84,80,30,10,5 
30306,校场,30306,laboratory5,0,0,10,1,0,0,0,0,0,0,0,0,0,2,3,3,4,0,0,Elixir,1000000,8,0,0,0,0,0,0,706,40,0,0,0,0,0,0,0,587,laboratory5,laboratorycommon0,,1678,429,1,330,0,99,80,30,10,5 
30307,校场,30307,laboratory6,0,0,10,1,0,0,0,0,0,0,0,0,0,2,3,3,6,0,0,Elixir,2500000,9,0,0,0,0,0,0,770,42,0,0,0,0,0,0,0,657,laboratory6,laboratorycommon0,,2335,472,1,350,0,114,80,30,10,5 
30308,校场,30308,laboratory7,0,0,10,1,0,0,0,0,0,0,0,0,0,2,3,3,8,0,0,Elixir,4000000,10,0,0,0,0,0,0,834,44,0,0,0,0,0,0,0,720,laboratory7,laboratorycommon0,,3055,490,1,350,0,129,80,30,10,5 
10101,巨弩,10101,cannon0,4,3,0,0,0,0,0,0,0,0,0,0,0,3,1,3,0,0,2,Gold,250,1,0,0,0,0,0,0,420,30,800,800,9,0,1,0,0,17,cannon0,cannoncommon0,,17,420,1,400,30,30,80,30,10,5 
10102,巨弩,10102,cannon1,4,3,0,0,0,0,0,0,0,0,0,0,0,3,1,3,0,0,15,Gold,1000,1,0,0,0,0,0,0,540,31,800,800,11,0,1,0,0,25,cannon1,cannoncommon0,,42,495,1,450,45,39,80,30,10,5 
10103,巨弩,10103,cannon2,4,3,0,0,0,0,0,0,0,0,0,0,0,3,1,3,0,1,0,Gold,4000,2,0,0,0,0,0,0,660,32,800,800,15,0,1,0,0,33,cannon2,cannoncommon0,,75,575,1,500,61,48,80,30,10,5 
10104,巨弩,10104,cannon3,4,3,0,0,0,0,0,0,0,0,0,0,0,3,1,3,0,2,0,Gold,16000,3,0,0,0,0,0,0,780,33,800,800,19,0,1,0,0,84,cannon3,cannoncommon1,,159,660,1,550,76,57,80,30,10,5 
10105,巨弩,10105,cannon4,4,3,0,0,0,0,0,0,0,0,0,0,0,3,1,3,0,6,0,Gold,50000,4,0,0,0,0,0,0,900,34,800,800,25,0,1,0,0,146,cannon4,cannoncommon1,,305,737,1,590,92,66,80,30,10,5 
10106,巨弩,10106,cannon5,4,3,0,0,0,0,0,0,0,0,0,0,0,3,1,3,0,12,0,Gold,100000,5,0,0,0,0,0,0,1020,35,800,800,31,0,1,0,0,207,cannon5,cannoncommon1,,512,793,1,610,107,75,80,30,10,5 
10107,巨弩,10107,cannon6,4,3,0,0,0,0,0,0,0,0,0,0,0,3,1,3,1,0,0,Gold,200000,6,0,0,0,0,0,0,1140,36,800,800,40,0,1,0,0,293,cannon6,cannoncommon2,,805,850,1,630,122,84,80,30,10,5 
10108,巨弩,10108,cannon7,4,3,0,0,0,0,0,0,0,0,0,0,0,3,1,3,2,0,0,Gold,400000,7,0,0,0,0,0,0,1260,37,800,800,48,0,1,0,0,415,cannon7,cannoncommon2,,1220,924,1,660,138,93,80,30,10,5 
10109,巨弩,10109,cannon8,4,3,0,0,0,0,0,0,0,0,0,0,0,3,1,3,3,0,0,Gold,800000,8,0,0,0,0,0,0,1380,38,800,800,56,0,1,0,0,509,cannon8,cannoncommon2,,1729,1000,1,690,153,102,80,30,10,5 
10110,巨弩,10110,cannon9,4,3,0,0,0,0,0,0,0,0,0,0,0,3,1,3,4,0,0,Gold,1600000,8,0,0,0,0,0,0,1500,39,800,800,65,0,1,0,0,587,cannon9,cannoncommon3,,2316,1125,2,750,169,111,80,30,10,5 
10111,巨弩,10111,cannon10,4,3,0,0,0,0,0,0,0,0,0,0,0,3,1,3,5,0,0,Gold,3200000,9,0,0,0,0,0,0,1620,40,800,800,75,0,1,0,0,657,cannon10,cannoncommon3,,2973,1395,2,900,184,120,80,30,10,5 
10112,巨弩,10112,cannon11,4,3,0,0,0,0,0,0,0,0,0,0,0,3,1,3,6,0,0,Gold,6400000,10,0,0,0,0,0,0,1740,41,800,800,86,0,1,0,0,720,cannon11,cannoncommon3,,3693,1728,2,1080,199,129,80,30,10,5 
10201,箭塔,10201,archertower0,0,0,0,0,10201,1,0,210,-40,200,40,200,0,7,1,3,0,0,15,Gold,1000,2,0,0,0,0,0,0,420,30,850,1500,11,1,1,0,0,27,archertower0,,,27,420,1,400,33,33,80,30,10,5 
10202,箭塔,10202,archertower1,0,0,0,0,10201,1,0,210,-40,200,40,200,0,7,1,3,0,0,30,Gold,2000,2,0,0,0,0,0,0,494,31,850,1500,15,1,1,0,0,41,archertower1,,,68,495,1,450,48,43,80,30,10,5 
10203,箭塔,10203,archertower2,0,0,0,0,10201,1,0,210,-40,200,40,200,0,7,1,3,0,1,0,Gold,5000,3,0,0,0,0,0,0,568,32,850,1500,19,1,1,0,0,55,archertower2,,,123,575,1,500,64,53,80,30,10,5 
10204,箭塔,10204,archertower3,0,0,0,0,10201,1,0,210,-40,200,40,200,0,7,1,3,0,4,0,Gold,20000,4,0,0,0,0,0,0,642,33,850,1500,25,1,1,0,0,120,archertower3,,,243,660,1,550,79,64,80,30,10,5 
10205,箭塔,10205,archertower4,0,0,0,0,10201,1,0,210,-40,200,40,200,0,7,1,3,0,12,0,Gold,80000,5,0,0,0,0,0,0,716,34,850,1500,30,1,1,0,0,207,archertower4,,,450,737,1,590,95,74,80,30,10,5 
10206,箭塔,10206,archertower5,0,0,0,0,10201,1,0,210,-40,200,40,200,0,7,1,3,1,0,0,Gold,180000,5,0,0,0,0,0,0,790,35,850,1500,35,1,1,0,0,283,archertower5,,,733,793,1,610,110,84,80,30,10,5 
10207,箭塔,10207,archertower6,0,0,0,0,10201,1,0,210,-40,200,40,200,0,7,1,3,3,0,0,Gold,360000,6,0,0,0,0,0,0,864,36,850,1500,42,1,1,0,0,509,archertower6,,,1242,850,1,630,125,94,80,30,10,5 
10208,箭塔,10208,archertower7,0,0,0,0,10201,1,0,210,-40,200,40,200,0,7,1,3,4,0,0,Gold,720000,7,0,0,0,0,0,0,938,37,850,1500,48,1,1,0,0,587,archertower7,,,1829,924,1,660,141,104,80,30,10,5 
10209,箭塔,10209,archertower8,0,0,0,0,10201,1,0,210,-40,240,40,200,0,7,1,3,5,0,0,Gold,1500000,8,0,0,0,0,0,0,1012,38,850,1500,56,1,1,0,0,657,archertower8,,,2486,1000,1,690,156,115,80,30,10,5 
10210,箭塔,10210,archertower9,0,0,0,0,10201,1,0,210,-40,240,40,200,0,7,1,3,6,0,0,Gold,2500000,8,0,0,0,0,0,0,1086,39,850,1500,65,1,1,0,0,720,archertower9,,,3206,1080,2,720,172,125,80,30,10,5 
10211,箭塔,10211,archertower10,0,0,0,0,10201,1,0,210,-40,240,40,200,0,7,1,3,7,0,0,Gold,5000000,9,0,0,0,0,0,0,1160,40,850,1500,75,1,1,0,0,777,archertower10,,,3983,1162,2,750,187,135,80,30,10,5 
10301,城墙,10301,wall0,0,0,0,0,0,0,0,0,0,0,0,0,0,5,5,1,0,0,0,Gold,200,2,0,0,0,0,0,0,300,30,0,0,0,0,0,0,0,10,wall0,,,10,300,1,300,0,50,80,30,10,5 
10302,城墙,10302,wall1,0,0,0,0,0,0,0,0,0,0,0,0,0,5,5,1,0,0,0,Gold,1000,2,0,0,0,0,0,0,720,31,0,0,0,0,0,0,0,15,wall1,,,25,500,1,500,0,62,80,30,10,5 
10303,城墙,10303,wall2,0,0,0,0,0,0,0,0,0,0,0,0,0,5,5,1,0,0,0,Gold,5000,3,0,0,0,0,0,0,1140,32,0,0,0,0,0,0,0,20,wall2,,,45,700,1,700,0,74,80,30,10,5 
10304,城墙,10304,wall3,0,0,0,0,0,0,0,0,0,0,0,0,0,5,5,1,0,0,0,Gold,10000,4,0,0,0,0,0,0,1560,33,0,0,0,0,0,0,0,25,wall3,,,70,900,1,900,0,86,80,30,10,5 
10305,城墙,10305,wall4,0,0,0,0,0,0,0,0,0,0,0,0,0,5,5,1,0,0,0,Gold,30000,5,0,0,0,0,0,0,1980,34,0,0,0,0,0,0,0,30,wall4,,,100,1400,1,1400,0,98,80,30,10,5 
10306,城墙,10306,wall5,0,0,0,0,0,0,0,0,0,0,0,0,0,5,5,1,0,0,0,Gold,75000,6,0,0,0,0,0,0,2400,35,0,0,0,0,0,0,0,35,wall5,,,135,2000,1,2000,0,110,80,30,10,5 
10307,城墙,10307,wall6,0,0,0,0,0,0,0,0,0,0,0,0,0,5,5,1,0,0,0,Gold,200000,6,0,0,0,0,0,0,2820,36,0,0,0,0,0,0,0,40,wall6,,,175,2500,1,2500,0,122,80,30,10,5 
10308,城墙,10308,wall7,0,0,0,0,0,0,0,0,0,0,0,0,0,5,5,1,0,0,0,Gold,500000,6,0,0,0,0,0,0,3240,37,0,0,0,0,0,0,0,45,wall7,,,220,3000,1,3000,0,134,80,30,10,5 
10309,城墙,10309,wall8,0,0,0,0,0,0,0,0,0,0,0,0,0,5,5,1,0,0,0,Gold,1000000,6,0,0,0,0,0,0,3660,38,0,0,0,0,0,0,0,50,wall8,,,270,3500,1,3500,0,146,80,30,10,5 
10310,城墙,10310,wall9,0,0,0,0,0,0,0,0,0,0,0,0,0,5,5,1,0,0,0,Gold,3000000,9,0,0,0,0,0,0,4080,39,0,0,0,0,0,0,0,55,wall9,,,325,4000,1,4000,0,158,80,30,10,5 
10311,城墙,10311,wall10,0,0,0,0,0,0,0,0,0,0,0,0,0,5,5,1,0,0,0,Gold,5000000,10,0,0,0,0,0,0,4500,40,0,0,0,0,0,0,0,60,wall10,,,385,4500,1,4500,0,170,80,30,10,5 
10801,法师塔,10801,wizardtower0,0,0,8,1,10701,1,0,232,0,0,0,0,0,6,1,3,0,12,0,Gold,180000,5,0,0,0,0,0,0,651,30,600,1300,11,1,1,0,0,207,wizardtower0,wizardtowercommom0,,207,651,1,620,33,37,80,30,10,5 
10802,法师塔,10802,wizardtower1,0,0,8,1,10701,1,0,232,0,0,0,0,0,6,1,3,1,0,0,Gold,360000,5,0,0,0,0,0,0,732,32,600,1300,13,1,1,0,0,293,wizardtower1,wizardtowercommom0,,500,726,1,660,66,53,80,30,10,5 
10803,法师塔,10803,wizardtower2,0,0,8,1,10701,1,0,232,0,0,0,0,0,6,1,3,2,0,0,Gold,720000,6,0,0,0,0,0,0,813,34,600,1300,16,1,1,0,0,415,wizardtower2,wizardtowercommom0,,915,793,1,690,99,69,80,30,10,5 
10804,法师塔,10804,wizardtower3,0,0,8,1,10701,1,0,232,0,0,0,0,0,6,1,3,4,0,0,Gold,1280000,7,0,0,0,0,0,0,894,36,600,1300,20,1,1,0,0,587,wizardtower3,wizardtowercommom0,,1502,864,1,720,132,85,80,30,10,5 
10805,法师塔,10805,wizardtower4,0,0,8,1,10701,1,0,232,0,0,0,0,0,6,1,3,6,0,0,Gold,1960000,8,0,0,0,0,0,0,975,38,600,1300,24,1,1,0,0,720,wizardtower4,wizardtowercommom0,,2222,950,1,760,165,101,80,30,10,5 
10806,法师塔,10806,wizardtower5,0,0,8,1,10701,1,0,232,0,0,0,0,0,6,1,3,8,0,0,Gold,2680000,8,0,0,0,0,0,0,1056,40,600,1300,32,1,1,0,0,831,wizardtower5,wizardtowercommom0,,3053,1040,1,800,198,117,80,30,10,5 
10807,法师塔,10807,wizardtower6,0,0,8,1,10701,1,0,232,0,0,0,0,0,6,1,3,10,0,0,Gold,5360000,9,0,0,0,0,0,0,1137,42,600,1300,40,1,1,0,0,929,wizardtower6,wizardtowercommom0,,3982,1134,1,840,231,133,80,30,10,5 
10601,防空,10601,airdefense0,0,0,0,0,0,0,0,0,0,0,0,0,0,7,1,3,0,5,0,Gold,22500,4,0,0,0,0,0,0,800,30,850,500,80,1,0,0,0,134,airdefense0,,,134,800,1,800,80,80,80,30,10,5 
10602,防空,10602,airdefense1,0,0,0,0,0,0,0,0,0,0,0,0,0,7,1,3,1,0,0,Gold,90000,4,0,0,0,0,0,0,860,32,850,500,110,1,0,0,0,293,airdefense1,,,427,860,1,860,110,80,80,30,10,5 
10603,防空,10603,airdefense2,0,0,0,0,0,0,0,0,0,0,0,0,0,7,1,3,3,0,0,Gold,270000,5,0,0,0,0,0,0,900,34,850,500,140,1,0,0,0,509,airdefense2,,,936,900,1,900,140,80,80,30,10,5 
10604,防空,10604,airdefense3,0,0,0,0,0,0,0,0,0,0,0,0,0,7,1,3,5,0,0,Gold,540000,6,0,0,0,0,0,0,940,36,850,500,160,1,0,0,0,657,airdefense3,,,1593,940,1,940,160,80,80,30,10,5 
10605,防空,10605,airdefense4,0,0,0,0,0,0,0,0,0,0,0,0,0,7,1,3,7,0,0,Gold,1080000,7,0,0,0,0,0,0,990,38,850,500,190,1,0,0,0,720,airdefense4,,,2313,990,1,990,190,80,80,30,10,5 
10606,防空,10606,airdefense5,0,0,0,0,0,0,0,0,0,0,0,0,0,7,1,3,8,0,0,Gold,2160000,8,0,0,0,0,0,0,1040,40,850,500,230,1,0,0,0,831,airdefense5,,,3144,1040,1,1040,230,80,80,30,10,5 
10607,防空,10607,airdefense6,0,0,0,0,0,0,0,0,0,0,0,0,0,7,1,3,10,0,0,Gold,4320000,9,0,0,0,0,0,0,1100,42,850,500,280,1,0,0,0,929,airdefense6,,,4073,1100,1,1100,280,80,80,30,10,5 
10608,防空,10608,airdefense7,0,0,0,0,0,0,0,0,0,0,0,0,0,7,1,3,12,0,0,Gold,7560000,10,0,0,0,0,0,0,1160,44,850,500,320,1,0,0,0,1018,airdefense7,,,5091,1160,1,1160,320,80,80,30,10,5 
10401,巨炮,10401,mortar0,0,0,0,0,0,0,0,0,0,0,0,0,0,7,1,3,0,8,0,Gold,8000,3,0,0,0,0,0,0,420,30,1000,5000,8,0,1,400,0,169,mortar0,,,169,420,1,400,28,40,80,30,10,5 
10402,巨炮,10402,mortar1,0,0,0,0,0,0,0,0,0,0,0,0,0,7,1,3,0,12,0,Gold,32000,4,0,0,0,0,0,0,570,32,1000,5000,10,0,1,400,0,207,mortar1,,,376,495,1,450,48,56,80,30,10,5 
10403,巨炮,10403,mortar2,0,0,0,0,0,0,0,0,0,0,0,0,0,7,1,3,1,0,0,Gold,120000,5,0,0,0,0,0,0,720,34,1000,5000,12,0,1,400,0,293,mortar2,,,669,575,1,500,68,72,80,30,10,5 
10404,巨炮,10404,mortar3,0,0,0,0,0,0,0,0,0,0,0,0,0,7,1,3,2,0,0,Gold,400000,6,0,0,0,0,0,0,870,36,1000,5000,14,0,1,400,0,415,mortar3,,,1084,660,1,550,87,88,80,30,10,5 
10405,巨炮,10405,mortar4,0,0,0,0,0,0,0,0,0,0,0,0,0,7,1,3,4,0,0,Gold,800000,7,0,0,0,0,0,0,1020,38,1000,5000,16,0,1,400,0,587,mortar4,,,1671,737,1,590,107,104,80,30,10,5 
10406,巨炮,10406,mortar5,0,0,0,0,0,0,0,0,0,0,0,0,0,7,1,3,5,0,0,Gold,1600000,8,0,0,0,0,0,0,1170,40,1000,5000,18,0,1,400,0,657,mortar5,,,2328,793,1,610,127,120,80,30,10,5 
10407,巨炮,10407,mortar6,0,0,0,0,0,0,0,0,0,0,0,0,0,7,1,3,7,0,0,Gold,3200000,8,0,0,0,0,0,0,1320,40,1000,5000,22,0,1,400,0,777,mortar6,,,3105,864,1,640,147,136,80,30,10,5 
30501,烽火台,30501,alliancecastle0,0,0,0,0,0,0,0,0,0,0,0,0,0,0,3,3,0,0,0,Gold,0,0,0,0,0,0,0,0,100,30,0,0,0,0,0,0,0,0,alliancecastle0,,,0,100,1,100,0,80,80,30,10,5 
30502,烽火台,30502,alliancecastle1,0,0,0,0,0,0,0,0,0,0,0,0,0,0,3,3,0,1,0,Gold,40000,3,0,0,10,0,0,0,1000,30,0,0,0,0,0,0,0,0,alliancecastle1,,,0,1000,1,1000,0,80,80,30,10,5 
30503,烽火台,30503,alliancecastle2,0,0,0,0,0,0,0,0,0,0,0,0,0,0,3,3,0,12,0,Gold,100000,4,0,0,15,0,0,0,1400,30,0,0,0,0,0,0,0,146,alliancecastle2,,,146,1400,1,1400,0,80,80,30,10,5 
30504,烽火台,30504,alliancecastle3,0,0,0,0,0,0,0,0,0,0,0,0,0,0,3,3,2,0,0,Gold,800000,6,0,0,20,0,0,0,2000,30,0,0,0,0,0,0,0,293,alliancecastle3,,,439,2000,1,2000,0,80,80,30,10,5 
30505,烽火台,30505,alliancecastle4,0,0,0,0,0,0,0,0,0,0,0,0,0,0,3,3,4,0,0,Gold,1800000,8,0,0,25,0,0,0,2600,30,0,0,0,0,0,0,0,415,alliancecastle4,,,854,2600,1,2600,0,80,80,30,10,5 
30506,烽火台,30506,alliancecastle4,0,0,0,0,0,0,0,0,0,0,0,0,0,0,3,3,15,0,0,Gold,7000000,9,0,0,30,0,0,0,3000,30,0,0,0,0,0,0,0,777,alliancecastle4,,,1631,3000,1,3000,0,80,80,30,10,5 
20201,工人房,20201,workerbuilding0,0,0,0,0,0,0,0,0,0,0,0,0,0,0,2,2,0,0,0,Diamonds,250,1,0,0,0,0,0,0,250,30,0,0,0,0,0,0,0,0,,,,0,250,1,250,0,5,80,30,10,5 
30601,将军府,30601,herohome0,0,0,6,0,0,0,0,0,0,0,0,0,0,0,3,3,0,8,0,Elixir,2000,4,0,0,0,0,0,0,1050,30,0,0,0,0,0,0,0,169,herohome0,herohomecommon0,,169,1050,1,1000,0,25,80,30,10,5 
30602,将军府,30602,herohome1,0,0,6,0,0,0,0,0,0,0,0,0,0,0,3,3,0,12,0,Elixir,15000,5,0,0,0,0,0,0,1740,30,0,0,0,0,0,0,0,207,herohome1,herohomecommon0,,376,1540,1,1400,0,41,80,30,10,5 
30603,将军府,30603,herohome2,0,0,6,0,0,0,0,0,0,0,0,0,0,0,3,3,1,0,0,Elixir,100000,6,0,0,0,0,0,0,2430,30,0,0,0,0,0,0,0,293,herohome2,herohomecommon0,,669,2300,1,2000,0,57,80,30,10,5 
30604,将军府,30604,herohome3,0,0,6,0,0,0,0,0,0,0,0,0,0,0,3,3,2,0,0,Elixir,500000,7,0,0,0,0,0,0,3120,30,0,0,0,0,0,0,0,415,herohome3,herohomecommon0,,1084,3120,1,2600,0,73,80,30,10,5 
30605,将军府,30605,herohome4,0,0,6,0,0,0,0,0,0,0,0,0,0,0,3,3,4,0,0,Elixir,750000,8,0,0,0,0,0,0,3810,30,0,0,0,0,0,0,0,587,herohome4,herohomecommon0,,1671,3750,1,3000,0,89,80,30,10,5 
30606,将军府,30606,herohome5,0,0,6,0,0,0,0,0,0,0,0,0,0,0,3,3,5,0,0,Elixir,1350000,8,0,0,0,0,0,0,4500,30,0,0,0,0,0,0,0,657,herohome5,herohomecommon0,,2328,4420,1,3400,0,105,80,30,10,5 
30607,将军府,30607,herohome6,0,0,6,0,0,0,0,0,0,0,0,0,0,0,3,3,6,0,0,Elixir,3000000,9,0,0,0,0,0,0,5190,30,0,0,0,0,0,0,0,777,herohome6,herohomecommon0,,3105,5130,1,3800,0,121,80,30,10,5 
10901,龙炮,10901,dragonguns0,1,0,0,0,0,0,0,0,0,0,0,0,0,3,1,3,0,0,1,Gold,250,1,0,0,0,0,0,0,400,30,800,2000,9,0,1,0,0,7,dragonguns0,dragongunscommon0,,7,400,1,400,9,80,80,30,10,5 
10902,龙炮,10902,dragonguns1,1,0,0,0,0,0,0,0,0,0,0,0,0,3,1,3,0,0,1,Gold,50000,3,0,0,0,0,0,0,400,30,800,2000,11,0,1,0,0,7,dragonguns1,dragongunscommon0,,14,400,1,400,11,80,80,30,10,5 
10903,龙炮,10903,dragonguns2,1,0,0,0,0,0,0,0,0,0,0,0,0,3,1,3,0,0,1,Gold,120000,4,0,0,0,0,0,0,400,30,800,2000,15,0,1,0,0,7,dragonguns2,dragongunscommon1,,21,400,1,400,15,80,80,30,10,5 
10904,龙炮,10904,dragonguns3,1,0,0,0,0,0,0,0,0,0,0,0,0,3,1,3,0,0,1,Gold,1000000,6,0,0,0,0,0,0,400,30,800,2000,19,0,1,0,0,7,dragonguns3,dragongunscommon1,,28,400,1,400,19,80,80,30,10,5 
10905,龙炮,10905,dragonguns4,1,0,0,0,0,0,0,0,0,0,0,0,0,3,1,3,0,0,1,Gold,4000000,8,0,0,0,0,0,0,400,30,800,2000,25,0,1,0,0,7,dragonguns4,dragongunscommon2,,35,400,1,400,25,80,80,30,10,5 
10906,龙炮,10906,dragonguns5,1,0,0,0,0,0,0,0,0,0,0,0,0,3,1,3,0,0,1,Gold,8000000,9,0,0,0,0,0,0,400,30,800,2000,31,0,1,0,0,7,dragonguns5,dragongunscommon2,,42,400,1,400,31,80,80,30,10,5 
30701,英雄台,30701,herotower0,0,0,0,0,0,0,0,0,0,0,0,0,0,13,1,2,0,0,0,Elixir,1000,1,0,0,0,0,0,0,420,30,800,800,9,0,1,0,0,34,herotower0,,,34,420,1,400,0,25,80,30,10,5 
30702,英雄台,30702,herotower1,0,0,0,0,0,0,0,0,0,0,0,0,0,13,1,2,0,0,0,Elixir,2000,2,0,0,0,0,0,0,695,30,800,800,9,0,1,0,0,38,herotower1,,,72,660,1,600,0,37,80,30,10,5 
30703,英雄台,30703,herotower2,0,0,0,0,0,0,0,0,0,0,0,0,0,13,1,2,0,0,0,Elixir,5000,3,0,0,0,0,0,0,970,30,800,800,9,0,1,0,0,51,herotower2,,,123,920,1,800,0,49,80,30,10,5 
30704,英雄台,30704,herotower3,0,0,0,0,0,0,0,0,0,0,0,0,0,13,1,2,0,0,0,Elixir,20000,4,0,0,0,0,0,0,1245,30,800,800,9,0,1,0,0,120,herotower3,,,243,1200,1,1000,0,61,80,30,10,5 
30705,英雄台,30705,herotower4,0,0,0,0,0,0,0,0,0,0,0,0,0,13,1,2,0,0,0,Elixir,80000,5,0,0,0,0,0,0,1520,30,800,800,9,0,1,0,0,207,herotower4,,,450,1500,1,1200,0,73,80,30,10,5 
30706,英雄台,30706,herotower5,0,0,0,0,0,0,0,0,0,0,0,0,0,13,1,2,0,0,0,Elixir,180000,6,0,0,0,0,0,0,1795,30,800,800,9,0,1,0,0,283,herotower5,,,733,1950,1,1500,0,85,80,30,10,5 
30707,英雄台,30707,herotower6,0,0,0,0,0,0,0,0,0,0,0,0,0,13,1,2,0,0,0,Elixir,360000,7,0,0,0,0,0,0,2070,30,800,800,9,0,1,0,0,509,herotower6,,,1242,2227,1,1650,0,97,80,30,10,5 
30708,英雄台,30708,herotower7,0,0,0,0,0,0,0,0,0,0,0,0,0,13,1,2,0,0,0,Elixir,720000,8,0,0,0,0,0,0,2345,30,800,800,9,0,1,0,0,587,herotower7,,,1829,2436,1,1740,0,109,80,30,10,5 
30709,英雄台,30709,herotower8,0,0,0,0,0,0,0,0,0,0,0,0,0,13,1,2,0,0,0,Elixir,1500000,9,0,0,0,0,0,0,2620,30,800,800,9,0,1,0,0,657,herotower8,,,2486,2639,1,1820,0,121,80,30,10,5 
30710,英雄台,30710,herotower9,0,0,0,0,0,0,0,0,0,0,0,0,0,13,1,2,0,0,0,Elixir,2500000,10,0,0,0,0,0,0,2895,30,800,800,9,0,1,0,0,720,herotower9,,,3206,2880,2,1920,0,133,80,30,10,5 
90101,小石头,90101,other0,0,0,0,0,0,0,0,0,0,0,0,0,0,0,9,1,0,0,1,Elixir,200,1,0,0,0,0,0,0,250,30,0,0,0,0,0,0,0,0,,,,0,250,1,250,0,80,80,30,10,5 
90102,小树桩,90102,other1,0,0,0,0,0,0,0,0,0,0,0,0,0,0,9,1,0,0,1,Gold,200,1,0,0,0,0,0,0,250,30,0,0,0,0,0,0,0,0,,,,0,250,1,250,0,80,80,30,10,5 
90103,枯木,90103,other2,0,0,0,0,0,0,0,0,0,0,0,0,0,0,9,1,0,0,1,Gold,500,1,0,0,0,0,0,0,250,30,0,0,0,0,0,0,0,0,,,,0,250,1,250,0,80,80,30,10,5 
90104,枯树,90104,other3,0,0,0,0,0,0,0,0,0,0,0,0,0,0,9,1,0,0,1,Gold,500,1,0,0,0,0,0,0,250,30,0,0,0,0,0,0,0,0,,,,0,250,1,250,0,80,80,30,10,5 
90105,小花,90105,other4,0,0,0,0,0,0,0,0,0,0,0,0,0,0,9,1,0,0,1,Gold,500,1,0,0,0,0,0,0,250,30,0,0,0,0,0,0,0,0,,,,0,250,1,250,0,80,80,30,10,5 
90201,小蘑菇,90201,other5,0,0,0,0,0,0,0,0,0,0,0,0,0,0,9,1,0,0,1,Gold,500,1,0,0,0,0,0,0,250,30,0,0,0,0,0,0,0,0,,,,0,250,1,250,0,80,80,30,10,5 
90202,紫花,90202,other6,0,0,0,0,0,0,0,0,0,0,0,0,0,0,9,1,0,0,1,Gold,500,1,0,0,0,0,0,0,250,30,0,0,0,0,0,0,0,0,,,,0,250,1,250,0,80,80,30,10,5 
90203,大树,90203,other7,0,0,0,0,0,0,0,0,0,0,0,0,0,0,9,2,0,0,1,Gold,5000,1,0,0,0,0,0,0,250,30,0,0,0,0,0,0,0,0,,,,0,250,1,250,0,80,80,30,10,5 
90204,枯树桩,90204,other8,0,0,0,0,0,0,0,0,0,0,0,0,0,0,9,2,0,0,1,Gold,5000,1,0,0,0,0,0,0,250,30,0,0,0,0,0,0,0,0,,,,0,250,1,250,0,80,80,30,10,5 
90205,矿山,90205,other9,0,0,0,0,0,0,0,0,0,0,0,0,0,0,9,2,0,0,1,Elixir,5000,1,0,0,0,0,0,0,250,30,0,0,0,0,0,0,0,0,,,,0,250,1,250,0,80,80,30,10,5 
90206,矿山,90205,other9,0,0,0,0,0,0,0,0,0,0,0,0,0,0,9,2,0,0,1,Elixir,5000,1,0,0,0,0,0,0,250,30,0,0,0,0,0,0,0,0,,,,0,250,1,250,0,80,80,30,10,5 
90207,矿山,90205,other9,0,0,0,0,0,0,0,0,0,0,0,0,0,0,9,2,0,0,1,Elixir,5000,1,0,0,0,0,0,0,250,30,0,0,0,0,0,0,0,0,,,,0,250,1,250,0,80,80,30,10,5 
90208,矿山,90205,other9,0,0,0,0,0,0,0,0,0,0,0,0,0,0,9,2,0,0,1,Elixir,5000,1,0,0,0,0,0,0,250,30,0,0,0,0,0,0,0,0,,,,0,250,1,250,0,80,80,30,10,5 
50101,炸弹,50101,trap_bomb,0,0,0,0,0,0,0,0,0,0,0,0,0,9,9,1,0,0,0,Gold,1000,1,0,0,0,0,0,0,250,30,100,0,250,0,0,0,0,0,,,,0,250,1,250,250,80,80,30,10,5 
50201,弹簧,50201,trap_spring,0,0,0,0,0,0,0,0,0,0,0,0,0,9,9,1,0,0,0,Gold,1000,3,0,0,0,0,0,0,250,30,100,0,0,0,0,0,0,0,,,,0,250,1,250,0,80,80,30,10,5 
50301,飞弹,50301,trap_flyingbomb,0,0,0,0,0,0,0,0,0,0,0,0,0,9,9,1,0,0,0,Gold,1000,5,0,0,0,0,0,0,250,30,100,0,250,1,0,0,0,0,,,,0,250,1,250,250,80,80,30,10,5 
50401,超级炸弹,50401,trap_bigbomb,0,0,0,0,0,0,0,0,0,0,0,0,0,9,9,2,0,0,0,Gold,50000,6,0,0,0,0,0,0,250,30,100,0,500,0,0,0,0,0,,,,0,250,1,250,500,80,80,30,10,5 
60101,水车,60101,obuilding1,0,0,0,0,0,0,0,0,0,0,0,0,0,10,9,3,0,0,0,Gold,3000,1,0,0,0,0,0,0,250,30,0,0,0,0,0,0,0,0,obuilding-1,,,0,250,1,250,0,80,80,30,10,5 
60201,牌匾,60201,obuilding2,0,0,0,0,0,0,0,0,0,0,0,0,0,10,9,2,0,0,0,Gold,40000,1,0,0,0,0,0,0,250,30,0,0,0,0,0,0,0,0,obuilding-2,,,0,250,1,250,0,80,80,30,10,5 
60301,鼓,60301,obuilding3,0,0,0,0,0,0,0,0,0,0,0,0,0,10,9,2,0,0,0,Gold,1000,1,0,0,0,0,0,0,250,30,0,0,0,0,0,0,0,0,obuilding-3,,,0,250,1,250,0,80,80,30,10,5 
60401,编钟,60401,obuilding4,0,0,0,0,0,0,0,0,0,0,0,0,0,10,9,2,0,0,0,Gold,1000,1,0,0,0,0,0,0,250,30,0,0,0,0,0,0,0,0,obuilding-4,,,0,250,1,250,0,80,80,30,10,5 
60501,炼丹炉,60501,obuilding5,0,0,0,0,0,0,0,0,0,0,0,0,0,10,9,2,0,0,0,Gold,1000,1,0,0,0,0,0,0,250,30,0,0,0,0,0,0,0,0,obuilding-5,,,0,250,1,250,0,80,80,30,10,5 
60601,花坛,60601,obuilding6,0,0,0,0,0,0,0,0,0,0,0,0,0,10,9,1,0,0,0,Gold,1000,1,0,0,0,0,0,0,250,30,0,0,0,0,0,0,0,0,obuilding-6,,,0,250,1,250,0,80,80,30,10,5 
60701,花坛,60701,obuilding7,0,0,0,0,0,0,0,0,0,0,0,0,0,10,9,1,0,0,0,Gold,1000,1,0,0,0,0,0,0,250,30,0,0,0,0,0,0,0,0,obuilding-7,,,0,250,1,250,0,80,80,30,10,5 
60801,字母a,60801,letter_a,0,0,0,0,0,0,0,0,0,0,0,0,0,10,9,1,0,0,0,Diamonds,10,1,0,0,0,0,0,0,250,30,0,0,0,0,0,0,0,0,lettera,,,0,250,1,250,0,80,80,30,10,5 
60901,字母b,60901,letter_b,0,0,0,0,0,0,0,0,0,0,0,0,0,10,9,1,0,0,0,Diamonds,10,1,0,0,0,0,0,0,250,30,0,0,0,0,0,0,0,0,letterb,,,0,250,1,250,0,80,80,30,10,5 
61001,字母c,61001,letter_c,0,0,0,0,0,0,0,0,0,0,0,0,0,10,9,1,0,0,0,Diamonds,10,1,0,0,0,0,0,0,250,30,0,0,0,0,0,0,0,0,letterc,,,0,250,1,250,0,80,80,30,10,5 
61101,字母d,61101,letter_d,0,0,0,0,0,0,0,0,0,0,0,0,0,10,9,1,0,0,0,Diamonds,10,1,0,0,0,0,0,0,250,30,0,0,0,0,0,0,0,0,letterd,,,0,250,1,250,0,80,80,30,10,5 
61201,字母e,61201,letter_e,0,0,0,0,0,0,0,0,0,0,0,0,0,10,9,1,0,0,0,Diamonds,10,1,0,0,0,0,0,0,250,30,0,0,0,0,0,0,0,0,lettere,,,0,250,1,250,0,80,80,30,10,5 
61301,字母f,61301,letter_f,0,0,0,0,0,0,0,0,0,0,0,0,0,10,9,1,0,0,0,Diamonds,10,1,0,0,0,0,0,0,250,30,0,0,0,0,0,0,0,0,letterf,,,0,250,1,250,0,80,80,30,10,5 
61401,字母g,61401,letter_g,0,0,0,0,0,0,0,0,0,0,0,0,0,10,9,1,0,0,0,Diamonds,10,1,0,0,0,0,0,0,250,30,0,0,0,0,0,0,0,0,letterg,,,0,250,1,250,0,80,80,30,10,5 
61501,字母h,61501,letter_h,0,0,0,0,0,0,0,0,0,0,0,0,0,10,9,1,0,0,0,Diamonds,10,1,0,0,0,0,0,0,250,30,0,0,0,0,0,0,0,0,letterh,,,0,250,1,250,0,80,80,30,10,5 
61601,字母i,61601,letter_i,0,0,0,0,0,0,0,0,0,0,0,0,0,10,9,1,0,0,0,Diamonds,10,1,0,0,0,0,0,0,250,30,0,0,0,0,0,0,0,0,letteri,,,0,250,1,250,0,80,80,30,10,5 
61701,字母j,61701,letter_j,0,0,0,0,0,0,0,0,0,0,0,0,0,10,9,1,0,0,0,Diamonds,10,1,0,0,0,0,0,0,250,30,0,0,0,0,0,0,0,0,letterj,,,0,250,1,250,0,80,80,30,10,5 
61801,字母k,61801,letter_k,0,0,0,0,0,0,0,0,0,0,0,0,0,10,9,1,0,0,0,Diamonds,10,1,0,0,0,0,0,0,250,30,0,0,0,0,0,0,0,0,letterk,,,0,250,1,250,0,80,80,30,10,5 
61901,字母l,61901,letter_l,0,0,0,0,0,0,0,0,0,0,0,0,0,10,9,1,0,0,0,Diamonds,10,1,0,0,0,0,0,0,250,30,0,0,0,0,0,0,0,0,letterl,,,0,250,1,250,0,80,80,30,10,5 
62001,字母m,62001,letter_m,0,0,0,0,0,0,0,0,0,0,0,0,0,10,9,1,0,0,0,Diamonds,10,1,0,0,0,0,0,0,250,30,0,0,0,0,0,0,0,0,letterm,,,0,250,1,250,0,80,80,30,10,5 
62101,字母n,62101,letter_n,0,0,0,0,0,0,0,0,0,0,0,0,0,10,9,1,0,0,0,Diamonds,10,1,0,0,0,0,0,0,250,30,0,0,0,0,0,0,0,0,lettern,,,0,250,1,250,0,80,80,30,10,5 
62201,字母o,62201,letter_o,0,0,0,0,0,0,0,0,0,0,0,0,0,10,9,1,0,0,0,Diamonds,10,1,0,0,0,0,0,0,250,30,0,0,0,0,0,0,0,0,lettero,,,0,250,1,250,0,80,80,30,10,5 
62301,字母p,62301,letter_p,0,0,0,0,0,0,0,0,0,0,0,0,0,10,9,1,0,0,0,Diamonds,10,1,0,0,0,0,0,0,250,30,0,0,0,0,0,0,0,0,letterp,,,0,250,1,250,0,80,80,30,10,5 
62401,字母q,62401,letter_q,0,0,0,0,0,0,0,0,0,0,0,0,0,10,9,1,0,0,0,Diamonds,10,1,0,0,0,0,0,0,250,30,0,0,0,0,0,0,0,0,letterq,,,0,250,1,250,0,80,80,30,10,5 
62501,字母r,62501,letter_r,0,0,0,0,0,0,0,0,0,0,0,0,0,10,9,1,0,0,0,Diamonds,10,1,0,0,0,0,0,0,250,30,0,0,0,0,0,0,0,0,letterr,,,0,250,1,250,0,80,80,30,10,5 
62601,字母s,62601,letter_s,0,0,0,0,0,0,0,0,0,0,0,0,0,10,9,1,0,0,0,Diamonds,10,1,0,0,0,0,0,0,250,30,0,0,0,0,0,0,0,0,letters,,,0,250,1,250,0,80,80,30,10,5 
62701,字母t,62701,letter_t,0,0,0,0,0,0,0,0,0,0,0,0,0,10,9,1,0,0,0,Diamonds,10,1,0,0,0,0,0,0,250,30,0,0,0,0,0,0,0,0,lettert,,,0,250,1,250,0,80,80,30,10,5 
62801,字母u,62801,letter_u,0,0,0,0,0,0,0,0,0,0,0,0,0,10,9,1,0,0,0,Diamonds,10,1,0,0,0,0,0,0,250,30,0,0,0,0,0,0,0,0,letteru,,,0,250,1,250,0,80,80,30,10,5 
62901,字母v,62901,letter_v,0,0,0,0,0,0,0,0,0,0,0,0,0,10,9,1,0,0,0,Diamonds,10,1,0,0,0,0,0,0,250,30,0,0,0,0,0,0,0,0,letterv,,,0,250,1,250,0,80,80,30,10,5 
63001,字母w,63001,letter_w,0,0,0,0,0,0,0,0,0,0,0,0,0,10,9,1,0,0,0,Diamonds,10,1,0,0,0,0,0,0,250,30,0,0,0,0,0,0,0,0,letterw,,,0,250,1,250,0,80,80,30,10,5 
63101,字母x,63101,letter_x,0,0,0,0,0,0,0,0,0,0,0,0,0,10,9,1,0,0,0,Diamonds,10,1,0,0,0,0,0,0,250,30,0,0,0,0,0,0,0,0,letterx,,,0,250,1,250,0,80,80,30,10,5 
63201,字母y,63201,letter_y,0,0,0,0,0,0,0,0,0,0,0,0,0,10,9,1,0,0,0,Diamonds,10,1,0,0,0,0,0,0,250,30,0,0,0,0,0,0,0,0,lettery,,,0,250,1,250,0,80,80,30,10,5 
63301,字母z,63301,letter_z,0,0,0,0,0,0,0,0,0,0,0,0,0,10,9,1,0,0,0,Diamonds,10,1,0,0,0,0,0,0,250,30,0,0,0,0,0,0,0,0,letterz,,,0,250,1,250,0,80,80,30,10,5 
63401,字母0,63401,letter_0,0,0,0,0,0,0,0,0,0,0,0,0,0,10,9,1,0,0,0,Diamonds,10,1,0,0,0,0,0,0,250,30,0,0,0,0,0,0,0,0,letter0,,,0,250,1,250,0,80,80,30,10,5 
63501,字母1,63501,letter_1,0,0,0,0,0,0,0,0,0,0,0,0,0,10,9,1,0,0,0,Diamonds,10,1,0,0,0,0,0,0,250,30,0,0,0,0,0,0,0,0,letter1,,,0,250,1,250,0,80,80,30,10,5 
63601,字母2,63601,letter_2,0,0,0,0,0,0,0,0,0,0,0,0,0,10,9,1,0,0,0,Diamonds,10,1,0,0,0,0,0,0,250,30,0,0,0,0,0,0,0,0,letter2,,,0,250,1,250,0,80,80,30,10,5 
63701,字母3,63701,letter_3,0,0,0,0,0,0,0,0,0,0,0,0,0,10,9,1,0,0,0,Diamonds,10,1,0,0,0,0,0,0,250,30,0,0,0,0,0,0,0,0,letter3,,,0,250,1,250,0,80,80,30,10,5 
63801,字母4,63801,letter_4,0,0,0,0,0,0,0,0,0,0,0,0,0,10,9,1,0,0,0,Diamonds,10,1,0,0,0,0,0,0,250,30,0,0,0,0,0,0,0,0,letter4,,,0,250,1,250,0,80,80,30,10,5 
63901,字母5,63901,letter_5,0,0,0,0,0,0,0,0,0,0,0,0,0,10,9,1,0,0,0,Diamonds,10,1,0,0,0,0,0,0,250,30,0,0,0,0,0,0,0,0,letter5,,,0,250,1,250,0,80,80,30,10,5 
64001,字母6,64001,letter_6,0,0,0,0,0,0,0,0,0,0,0,0,0,10,9,1,0,0,0,Diamonds,10,1,0,0,0,0,0,0,250,30,0,0,0,0,0,0,0,0,letter6,,,0,250,1,250,0,80,80,30,10,5 
64101,字母7,64101,letter_7,0,0,0,0,0,0,0,0,0,0,0,0,0,10,9,1,0,0,0,Diamonds,10,1,0,0,0,0,0,0,250,30,0,0,0,0,0,0,0,0,letter7,,,0,250,1,250,0,80,80,30,10,5 
64201,字母8,64201,letter_8,0,0,0,0,0,0,0,0,0,0,0,0,0,10,9,1,0,0,0,Diamonds,10,1,0,0,0,0,0,0,250,30,0,0,0,0,0,0,0,0,letter8,,,0,250,1,250,0,80,80,30,10,5 
64301,字母9,64301,letter_9,0,0,0,0,0,0,0,0,0,0,0,0,0,10,9,1,0,0,0,Diamonds,10,1,0,0,0,0,0,0,250,30,0,0,0,0,0,0,0,0,letter9,,,0,250,1,250,0,80,80,30,10,5 
64401,字母.,64401,letter_jh,0,0,0,0,0,0,0,0,0,0,0,0,0,10,9,1,0,0,0,Diamonds,10,1,0,0,0,0,0,0,250,30,0,0,0,0,0,0,0,0,letterjh,,,0,250,1,250,0,80,80,30,10,5 
64501,字母`,64501,letter_dh,0,0,0,0,0,0,0,0,0,0,0,0,0,10,9,1,0,0,0,Diamonds,10,1,0,0,0,0,0,0,250,30,0,0,0,0,0,0,0,0,letterdh,,,0,250,1,250,0,80,80,30,10,5 
64601,字母!,64601,letter_gth,0,0,0,0,0,0,0,0,0,0,0,0,0,10,9,1,0,0,0,Diamonds,10,1,0,0,0,0,0,0,250,30,0,0,0,0,0,0,0,0,lettergth,,,0,250,1,250,0,80,80,30,10,5 
64701,字母?,64701,letter_wh,0,0,0,0,0,0,0,0,0,0,0,0,0,10,9,1,0,0,0,Diamonds,10,1,0,0,0,0,0,0,250,30,0,0,0,0,0,0,0,0,letterwh,,,0,250,1,250,0,80,80,30,10,5 
64801,心形字母,64801,letter_xing,0,0,0,0,0,0,0,0,0,0,0,0,0,10,9,1,0,0,0,Diamonds,10,1,0,0,0,0,0,0,250,30,0,0,0,0,0,0,0,0,letterxing,,,0,250,1,250,0,80,80,30,10,5 
40001,以逸待劳,40001,totem1,0,0,6,1,0,0,0,0,0,0,0,0,0,10,9,1,0,0,0,Gold,200,0,0,0,0,0,0,0,500,30,0,0,0,0,0,0,0,0,totem1,totemcommon1,,0,300,1,300,0,50,80,30,10,5
40002,以逸待劳,40002,totem1,0,0,6,1,0,0,0,0,0,0,0,0,0,10,9,1,0,0,0,Gold,200,0,0,0,0,0,0,0,600,30,0,0,0,0,0,0,0,0,totem1,totemcommon1,,0,300,1,300,0,50,80,30,10,5
40003,以逸待劳,40003,totem1,0,0,6,1,0,0,0,0,0,0,0,0,0,10,9,1,0,0,0,Gold,200,0,0,0,0,0,0,0,700,30,0,0,0,0,0,0,0,0,totem1,totemcommon1,,0,300,1,300,0,50,80,30,10,5
40004,以逸待劳,40004,totem1,0,0,6,1,0,0,0,0,0,0,0,0,0,10,9,1,0,0,0,Gold,200,0,0,0,0,0,0,0,800,30,0,0,0,0,0,0,0,0,totem1,totemcommon1,,0,300,1,300,0,50,80,30,10,5
40005,以逸待劳,40005,totem1,0,0,6,1,0,0,0,0,0,0,0,0,0,10,9,1,0,0,0,Gold,200,0,0,0,0,0,0,0,900,30,0,0,0,0,0,0,0,0,totem1,totemcommon1,,0,300,1,300,0,50,80,30,10,5
40006,以逸待劳,40006,totem1,0,0,6,1,0,0,0,0,0,0,0,0,0,10,9,1,0,0,0,Gold,200,0,0,0,0,0,0,0,1000,30,0,0,0,0,0,0,0,0,totem1,totemcommon1,,0,300,1,300,0,50,80,30,10,5
40007,以逸待劳,40007,totem1,0,0,6,1,0,0,0,0,0,0,0,0,0,10,9,1,0,0,0,Gold,200,0,0,0,0,0,0,0,1100,30,0,0,0,0,0,0,0,0,totem1,totemcommon1,,0,300,1,300,0,50,80,30,10,5
40008,以逸待劳,40008,totem1,0,0,6,1,0,0,0,0,0,0,0,0,0,10,9,1,0,0,0,Gold,200,0,0,0,0,0,0,0,1200,30,0,0,0,0,0,0,0,0,totem1,totemcommon1,,0,300,1,300,0,50,80,30,10,5
40009,以逸待劳,40009,totem1,0,0,6,1,0,0,0,0,0,0,0,0,0,10,9,1,0,0,0,Gold,200,0,0,0,0,0,0,0,1300,30,0,0,0,0,0,0,0,0,totem1,totemcommon1,,0,300,1,300,0,50,80,30,10,5
40010,以逸待劳,40010,totem1,0,0,6,1,0,0,0,0,0,0,0,0,0,10,9,1,0,0,0,Gold,200,0,0,0,0,0,0,0,1400,30,0,0,0,0,0,0,0,0,totem1,totemcommon1,,0,300,1,300,0,50,80,30,10,5
40101,缓兵计,40101,totem0,0,0,6,1,0,0,0,0,0,0,0,0,0,10,9,1,0,0,0,Gold,200,0,0,0,0,0,0,0,500,30,0,0,0,0,0,0,0,0,totem0,totemcommon0,,0,300,1,300,0,50,80,30,10,5
40102,缓兵计,40102,totem0,0,0,6,1,0,0,0,0,0,0,0,0,0,10,9,1,0,0,0,Gold,200,0,0,0,0,0,0,0,600,30,0,0,0,0,0,0,0,0,totem0,totemcommon0,,0,300,1,300,0,50,80,30,10,5
40103,缓兵计,40103,totem0,0,0,6,1,0,0,0,0,0,0,0,0,0,10,9,1,0,0,0,Gold,200,0,0,0,0,0,0,0,700,30,0,0,0,0,0,0,0,0,totem0,totemcommon0,,0,300,1,300,0,50,80,30,10,5
40104,缓兵计,40104,totem0,0,0,6,1,0,0,0,0,0,0,0,0,0,10,9,1,0,0,0,Gold,200,0,0,0,0,0,0,0,800,30,0,0,0,0,0,0,0,0,totem0,totemcommon0,,0,300,1,300,0,50,80,30,10,5
40105,缓兵计,40105,totem0,0,0,6,1,0,0,0,0,0,0,0,0,0,10,9,1,0,0,0,Gold,200,0,0,0,0,0,0,0,900,30,0,0,0,0,0,0,0,0,totem0,totemcommon0,,0,300,1,300,0,50,80,30,10,5
40106,缓兵计,40106,totem0,0,0,6,1,0,0,0,0,0,0,0,0,0,10,9,1,0,0,0,Gold,200,0,0,0,0,0,0,0,1000,30,0,0,0,0,0,0,0,0,totem0,totemcommon0,,0,300,1,300,0,50,80,30,10,5
40107,缓兵计,40107,totem0,0,0,6,1,0,0,0,0,0,0,0,0,0,10,9,1,0,0,0,Gold,200,0,0,0,0,0,0,0,1100,30,0,0,0,0,0,0,0,0,totem0,totemcommon0,,0,300,1,300,0,50,80,30,10,5
40108,缓兵计,40108,totem0,0,0,6,1,0,0,0,0,0,0,0,0,0,10,9,1,0,0,0,Gold,200,0,0,0,0,0,0,0,1200,30,0,0,0,0,0,0,0,0,totem0,totemcommon0,,0,300,1,300,0,50,80,30,10,5
40109,缓兵计,40109,totem0,0,0,6,1,0,0,0,0,0,0,0,0,0,10,9,1,0,0,0,Gold,200,0,0,0,0,0,0,0,1300,30,0,0,0,0,0,0,0,0,totem0,totemcommon0,,0,300,1,300,0,50,80,30,10,5
40110,缓兵计,40110,totem0,0,0,6,1,0,0,0,0,0,0,0,0,0,10,9,1,0,0,0,Gold,200,0,0,0,0,0,0,0,1400,30,0,0,0,0,0,0,0,0,totem0,totemcommon0,,0,300,1,300,0,50,80,30,10,5
40201,空城计,40201,totem3,0,0,4,1,0,0,0,0,0,0,0,0,0,10,9,1,0,0,0,Gold,200,0,0,0,0,0,0,0,500,30,0,0,0,0,0,0,0,0,totem3,totemcommon3,,0,300,1,300,0,50,80,30,10,5
40202,空城计,40202,totem3,0,0,4,1,0,0,0,0,0,0,0,0,0,10,9,1,0,0,0,Gold,200,0,0,0,0,0,0,0,600,30,0,0,0,0,0,0,0,0,totem3,totemcommon3,,0,300,1,300,0,50,80,30,10,5
40203,空城计,40203,totem3,0,0,4,1,0,0,0,0,0,0,0,0,0,10,9,1,0,0,0,Gold,200,0,0,0,0,0,0,0,700,30,0,0,0,0,0,0,0,0,totem3,totemcommon3,,0,300,1,300,0,50,80,30,10,5
40204,空城计,40204,totem3,0,0,4,1,0,0,0,0,0,0,0,0,0,10,9,1,0,0,0,Gold,200,0,0,0,0,0,0,0,800,30,0,0,0,0,0,0,0,0,totem3,totemcommon3,,0,300,1,300,0,50,80,30,10,5
40205,空城计,40205,totem3,0,0,4,1,0,0,0,0,0,0,0,0,0,10,9,1,0,0,0,Gold,200,0,0,0,0,0,0,0,900,30,0,0,0,0,0,0,0,0,totem3,totemcommon3,,0,300,1,300,0,50,80,30,10,5
40206,空城计,40206,totem3,0,0,4,1,0,0,0,0,0,0,0,0,0,10,9,1,0,0,0,Gold,200,0,0,0,0,0,0,0,1000,30,0,0,0,0,0,0,0,0,totem3,totemcommon3,,0,300,1,300,0,50,80,30,10,5
40207,空城计,40207,totem3,0,0,4,1,0,0,0,0,0,0,0,0,0,10,9,1,0,0,0,Gold,200,0,0,0,0,0,0,0,1100,30,0,0,0,0,0,0,0,0,totem3,totemcommon3,,0,300,1,300,0,50,80,30,10,5
40208,空城计,40208,totem3,0,0,4,1,0,0,0,0,0,0,0,0,0,10,9,1,0,0,0,Gold,200,0,0,0,0,0,0,0,1200,30,0,0,0,0,0,0,0,0,totem3,totemcommon3,,0,300,1,300,0,50,80,30,10,5
40209,空城计,40209,totem3,0,0,4,1,0,0,0,0,0,0,0,0,0,10,9,1,0,0,0,Gold,200,0,0,0,0,0,0,0,1300,30,0,0,0,0,0,0,0,0,totem3,totemcommon3,,0,300,1,300,0,50,80,30,10,5
40210,空城计,40210,totem3,0,0,4,1,0,0,0,0,0,0,0,0,0,10,9,1,0,0,0,Gold,200,0,0,0,0,0,0,0,1400,30,0,0,0,0,0,0,0,0,totem3,totemcommon3,,0,300,1,300,0,50,80,30,10,5
40301,反间计,40301,totem4,0,0,6,1,0,0,0,0,0,0,0,0,0,10,9,1,0,0,0,Gold,200,0,0,0,0,0,0,0,500,30,0,0,0,0,0,0,0,0,totem4,totemcommon4,,0,300,1,300,0,50,80,30,10,5
40302,反间计,40302,totem4,0,0,6,1,0,0,0,0,0,0,0,0,0,10,9,1,0,0,0,Gold,200,0,0,0,0,0,0,0,600,30,0,0,0,0,0,0,0,0,totem4,totemcommon4,,0,300,1,300,0,50,80,30,10,5
40303,反间计,40303,totem4,0,0,6,1,0,0,0,0,0,0,0,0,0,10,9,1,0,0,0,Gold,200,0,0,0,0,0,0,0,700,30,0,0,0,0,0,0,0,0,totem4,totemcommon4,,0,300,1,300,0,50,80,30,10,5
40304,反间计,40304,totem4,0,0,6,1,0,0,0,0,0,0,0,0,0,10,9,1,0,0,0,Gold,200,0,0,0,0,0,0,0,800,30,0,0,0,0,0,0,0,0,totem4,totemcommon4,,0,300,1,300,0,50,80,30,10,5
40305,反间计,40305,totem4,0,0,6,1,0,0,0,0,0,0,0,0,0,10,9,1,0,0,0,Gold,200,0,0,0,0,0,0,0,900,30,0,0,0,0,0,0,0,0,totem4,totemcommon4,,0,300,1,300,0,50,80,30,10,5
40306,反间计,40306,totem4,0,0,6,1,0,0,0,0,0,0,0,0,0,10,9,1,0,0,0,Gold,200,0,0,0,0,0,0,0,1000,30,0,0,0,0,0,0,0,0,totem4,totemcommon4,,0,300,1,300,0,50,80,30,10,5
40307,反间计,40307,totem4,0,0,6,1,0,0,0,0,0,0,0,0,0,10,9,1,0,0,0,Gold,200,0,0,0,0,0,0,0,1100,30,0,0,0,0,0,0,0,0,totem4,totemcommon4,,0,300,1,300,0,50,80,30,10,5
40308,反间计,40308,totem4,0,0,6,1,0,0,0,0,0,0,0,0,0,10,9,1,0,0,0,Gold,200,0,0,0,0,0,0,0,1200,30,0,0,0,0,0,0,0,0,totem4,totemcommon4,,0,300,1,300,0,50,80,30,10,5
40309,反间计,40309,totem4,0,0,6,1,0,0,0,0,0,0,0,0,0,10,9,1,0,0,0,Gold,200,0,0,0,0,0,0,0,1300,30,0,0,0,0,0,0,0,0,totem4,totemcommon4,,0,300,1,300,0,50,80,30,10,5
40310,反间计,40310,totem4,0,0,6,1,0,0,0,0,0,0,0,0,0,10,9,1,0,0,0,Gold,200,0,0,0,0,0,0,0,1400,30,0,0,0,0,0,0,0,0,totem4,totemcommon4,,0,300,1,300,0,50,80,30,10,5
40401,火攻,40401,totem2,0,0,6,1,0,0,0,0,0,0,0,0,0,10,9,1,0,0,0,Gold,200,0,0,0,0,0,0,0,500,30,0,0,0,0,0,0,0,0,totem2,totemcommon2,,0,300,1,300,0,50,80,30,10,5
40402,火攻,40402,totem2,0,0,6,1,0,0,0,0,0,0,0,0,0,10,9,1,0,0,0,Gold,200,0,0,0,0,0,0,0,600,30,0,0,0,0,0,0,0,0,totem2,totemcommon2,,0,300,1,300,0,50,80,30,10,5
40403,火攻,40403,totem2,0,0,6,1,0,0,0,0,0,0,0,0,0,10,9,1,0,0,0,Gold,200,0,0,0,0,0,0,0,700,30,0,0,0,0,0,0,0,0,totem2,totemcommon2,,0,300,1,300,0,50,80,30,10,5
40404,火攻,40404,totem2,0,0,6,1,0,0,0,0,0,0,0,0,0,10,9,1,0,0,0,Gold,200,0,0,0,0,0,0,0,800,30,0,0,0,0,0,0,0,0,totem2,totemcommon2,,0,300,1,300,0,50,80,30,10,5
40405,火攻,40405,totem2,0,0,6,1,0,0,0,0,0,0,0,0,0,10,9,1,0,0,0,Gold,200,0,0,0,0,0,0,0,900,30,0,0,0,0,0,0,0,0,totem2,totemcommon2,,0,300,1,300,0,50,80,30,10,5
40406,火攻,40406,totem2,0,0,6,1,0,0,0,0,0,0,0,0,0,10,9,1,0,0,0,Gold,200,0,0,0,0,0,0,0,1000,30,0,0,0,0,0,0,0,0,totem2,totemcommon2,,0,300,1,300,0,50,80,30,10,5
40407,火攻,40407,totem2,0,0,6,1,0,0,0,0,0,0,0,0,0,10,9,1,0,0,0,Gold,200,0,0,0,0,0,0,0,1100,30,0,0,0,0,0,0,0,0,totem2,totemcommon2,,0,300,1,300,0,50,80,30,10,5
40408,火攻,40408,totem2,0,0,6,1,0,0,0,0,0,0,0,0,0,10,9,1,0,0,0,Gold,200,0,0,0,0,0,0,0,1200,30,0,0,0,0,0,0,0,0,totem2,totemcommon2,,0,300,1,300,0,50,80,30,10,5
40409,火攻,40409,totem2,0,0,6,1,0,0,0,0,0,0,0,0,0,10,9,1,0,0,0,Gold,200,0,0,0,0,0,0,0,1300,30,0,0,0,0,0,0,0,0,totem2,totemcommon2,,0,300,1,300,0,50,80,30,10,5
40410,火攻,40410,totem2,0,0,6,1,0,0,0,0,0,0,0,0,0,10,9,1,0,0,0,Gold,200,0,0,0,0,0,0,0,1400,30,0,0,0,0,0,0,0,0,totem2,totemcommon2,,0,300,1,300,0,50,80,30,10,5
